{"cameraMode":{"drawMode":0,"name":"Shaded","section":"Shading Mode"},"sceneLighting":false,"audioPlay":false,"sceneViewState":{"showFog":false,"showMaterialUpdate":false,"showSkybox":false,"showFlares":false,"showImageEffects":false,"showParticleSystems":false},"in2DMode":false,"pivot":{"x":7.342653274536133,"y":8.611388206481934,"z":6.662259101867676},"rotation":{"x":-0.11938713490962982,"y":-0.3944992423057556,"z":0.05177563801407814,"w":-0.9096411466598511},"size":83.25145721435547,"orthographic":false}