{"cameraMode":{"drawMode":0,"name":"Shaded","section":"Shading Mode"},"sceneLighting":true,"audioPlay":false,"sceneViewState":{"showFog":false,"showMaterialUpdate":false,"showSkybox":false,"showFlares":false,"showImageEffects":false,"showParticleSystems":false},"in2DMode":false,"pivot":{"x":-0.6195385456085205,"y":-0.14259576797485352,"z":0.8017802238464356},"rotation":{"x":-0.05008861422538757,"y":0.9485655426979065,"z":-0.19357743859291078,"w":-0.24544358253479005},"size":5.7157673835754398,"orthographic":false}